clientName, clientEmail
Ethan , Ethan12@gmail.com
Hunt, Hunt13@gmail.com
jesse, Jesse43@gmail.com
pinkman, pinkman006@gmail.com
walter, walterwhite02@gmail.com